,Metrik,RAG Baseline,RAG Fusion
0,Context Recall@3,0.3133333333333333,0.29333333333333333
1,Context Precision@3,0.3133333333333333,0.29333333333333333
2,MRR@3,0.61,0.5233333333333333
3,Faithfulness (Ragas),0.7096815893257069,0.742501486641714
4,Answer Relevancy (Ragas),0.5163219813263507,0.6022905941013397
